Well Position,Name,Sequence
A01,hybrid_dual_fw_193,AATGATACGGCGACCACCGAGATCTACACCTCTAGCAACACTCTTTCCCTACACGACTCGCCAAGCTGA
A02,hybrid_dual_fw_194,AATGATACGGCGACCACCGAGATCTACACGGTGAACAACACTCTTTCCCTACACGACTCGCCAAGCTGA
A03,hybrid_dual_fw_195,AATGATACGGCGACCACCGAGATCTACACAGCTCTCAACACTCTTTCCCTACACGACTCGCCAAGCTGA
A04,hybrid_dual_fw_196,AATGATACGGCGACCACCGAGATCTACACTGAGTGACACACTCTTTCCCTACACGACTCGCCAAGCTGA
A05,hybrid_dual_fw_197,AATGATACGGCGACCACCGAGATCTACACACGCTTATACACTCTTTCCCTACACGACTCGCCAAGCTGA
A06,hybrid_dual_fw_198,AATGATACGGCGACCACCGAGATCTACACCAGATAGTACACTCTTTCCCTACACGACTCGCCAAGCTGA
A07,hybrid_dual_fw_199,AATGATACGGCGACCACCGAGATCTACACGTCACCATACACTCTTTCCCTACACGACTCGCCAAGCTGA
A08,hybrid_dual_fw_200,AATGATACGGCGACCACCGAGATCTACACTGGTCGAAACACTCTTTCCCTACACGACTCGCCAAGCTGA
A09,hybrid_dual_fw_201,AATGATACGGCGACCACCGAGATCTACACGCAATATAACACTCTTTCCCTACACGACTCGCCAAGCTGA
A10,hybrid_dual_fw_202,AATGATACGGCGACCACCGAGATCTACACCACATGCAACACTCTTTCCCTACACGACTCGCCAAGCTGA
A11,hybrid_dual_fw_203,AATGATACGGCGACCACCGAGATCTACACTCCTTCGAACACTCTTTCCCTACACGACTCGCCAAGCTGA
A12,hybrid_dual_fw_204,AATGATACGGCGACCACCGAGATCTACACCTGATGTAACACTCTTTCCCTACACGACTCGCCAAGCTGA
B01,hybrid_dual_fw_205,AATGATACGGCGACCACCGAGATCTACACCACTGCAAACACTCTTTCCCTACACGACTCGCCAAGCTGA
B02,hybrid_dual_fw_206,AATGATACGGCGACCACCGAGATCTACACTCGGAGAAACACTCTTTCCCTACACGACTCGCCAAGCTGA
B03,hybrid_dual_fw_207,AATGATACGGCGACCACCGAGATCTACACCGGTATGTACACTCTTTCCCTACACGACTCGCCAAGCTGA
B04,hybrid_dual_fw_208,AATGATACGGCGACCACCGAGATCTACACCTGAGCTTACACTCTTTCCCTACACGACTCGCCAAGCTGA
B05,hybrid_dual_fw_209,AATGATACGGCGACCACCGAGATCTACACCTTGGTACACACTCTTTCCCTACACGACTCGCCAAGCTGA
B06,hybrid_dual_fw_210,AATGATACGGCGACCACCGAGATCTACACCTGACAATACACTCTTTCCCTACACGACTCGCCAAGCTGA
B07,hybrid_dual_fw_211,AATGATACGGCGACCACCGAGATCTACACTGGTACAGACACTCTTTCCCTACACGACTCGCCAAGCTGA
B08,hybrid_dual_fw_212,AATGATACGGCGACCACCGAGATCTACACGGTCTCAAACACTCTTTCCCTACACGACTCGCCAAGCTGA
B09,hybrid_dual_fw_213,AATGATACGGCGACCACCGAGATCTACACTGGCTAATACACTCTTTCCCTACACGACTCGCCAAGCTGA
B10,hybrid_dual_fw_214,AATGATACGGCGACCACCGAGATCTACACAGAGGATCACACTCTTTCCCTACACGACTCGCCAAGCTGA
B11,hybrid_dual_fw_215,AATGATACGGCGACCACCGAGATCTACACCGAATACAACACTCTTTCCCTACACGACTCGCCAAGCTGA
B12,hybrid_dual_fw_216,AATGATACGGCGACCACCGAGATCTACACAGCGTTACACACTCTTTCCCTACACGACTCGCCAAGCTGA
C01,hybrid_dual_fw_217,AATGATACGGCGACCACCGAGATCTACACTGACCTCAACACTCTTTCCCTACACGACTCGCCAAGCTGA
C02,hybrid_dual_fw_218,AATGATACGGCGACCACCGAGATCTACACTAGTTGCCACACTCTTTCCCTACACGACTCGCCAAGCTGA
C03,hybrid_dual_fw_219,AATGATACGGCGACCACCGAGATCTACACGTTGCAGTACACTCTTTCCCTACACGACTCGCCAAGCTGA
C04,hybrid_dual_fw_220,AATGATACGGCGACCACCGAGATCTACACATAGAGGCACACTCTTTCCCTACACGACTCGCCAAGCTGA
C05,hybrid_dual_fw_221,AATGATACGGCGACCACCGAGATCTACACCTTGACTGACACTCTTTCCCTACACGACTCGCCAAGCTGA
C06,hybrid_dual_fw_222,AATGATACGGCGACCACCGAGATCTACACAACCTCGAACACTCTTTCCCTACACGACTCGCCAAGCTGA
C07,hybrid_dual_fw_223,AATGATACGGCGACCACCGAGATCTACACTCAACCGAACACTCTTTCCCTACACGACTCGCCAAGCTGA
C08,hybrid_dual_fw_224,AATGATACGGCGACCACCGAGATCTACACGCTATGGAACACTCTTTCCCTACACGACTCGCCAAGCTGA
C09,hybrid_dual_fw_225,AATGATACGGCGACCACCGAGATCTACACTCTTGACCACACTCTTTCCCTACACGACTCGCCAAGCTGA
C10,hybrid_dual_fw_226,AATGATACGGCGACCACCGAGATCTACACACATGGATACACTCTTTCCCTACACGACTCGCCAAGCTGA
C11,hybrid_dual_fw_227,AATGATACGGCGACCACCGAGATCTACACATGACAGCACACTCTTTCCCTACACGACTCGCCAAGCTGA
C12,hybrid_dual_fw_228,AATGATACGGCGACCACCGAGATCTACACAACTCCTGACACTCTTTCCCTACACGACTCGCCAAGCTGA
D01,hybrid_dual_fw_229,AATGATACGGCGACCACCGAGATCTACACACTTAAGGACACTCTTTCCCTACACGACTCGCCAAGCTGA
D02,hybrid_dual_fw_230,AATGATACGGCGACCACCGAGATCTACACTCTTGCATACACTCTTTCCCTACACGACTCGCCAAGCTGA
D03,hybrid_dual_fw_231,AATGATACGGCGACCACCGAGATCTACACGACTGTTCACACTCTTTCCCTACACGACTCGCCAAGCTGA
D04,hybrid_dual_fw_232,AATGATACGGCGACCACCGAGATCTACACACTGACCTACACTCTTTCCCTACACGACTCGCCAAGCTGA
D05,hybrid_dual_fw_233,AATGATACGGCGACCACCGAGATCTACACTGTGTCCAACACTCTTTCCCTACACGACTCGCCAAGCTGA
D06,hybrid_dual_fw_234,AATGATACGGCGACCACCGAGATCTACACCCTGTCATACACTCTTTCCCTACACGACTCGCCAAGCTGA
D07,hybrid_dual_fw_235,AATGATACGGCGACCACCGAGATCTACACATGTACTTACACTCTTTCCCTACACGACTCGCCAAGCTGA
D08,hybrid_dual_fw_236,AATGATACGGCGACCACCGAGATCTACACGAATAATCACACTCTTTCCCTACACGACTCGCCAAGCTGA
D09,hybrid_dual_fw_237,AATGATACGGCGACCACCGAGATCTACACGTCTATGCACACTCTTTCCCTACACGACTCGCCAAGCTGA
D10,hybrid_dual_fw_238,AATGATACGGCGACCACCGAGATCTACACCCTTAGAAACACTCTTTCCCTACACGACTCGCCAAGCTGA
D11,hybrid_dual_fw_239,AATGATACGGCGACCACCGAGATCTACACGAATTCGCACACTCTTTCCCTACACGACTCGCCAAGCTGA
D12,hybrid_dual_fw_240,AATGATACGGCGACCACCGAGATCTACACCTAGTCCTACACTCTTTCCCTACACGACTCGCCAAGCTGA
E01,hybrid_dual_fw_241,AATGATACGGCGACCACCGAGATCTACACTCAGAGGTACACTCTTTCCCTACACGACTCGCCAAGCTGA
E02,hybrid_dual_fw_242,AATGATACGGCGACCACCGAGATCTACACGACATTCTACACTCTTTCCCTACACGACTCGCCAAGCTGA
E03,hybrid_dual_fw_243,AATGATACGGCGACCACCGAGATCTACACCTAACACGACACTCTTTCCCTACACGACTCGCCAAGCTGA
E04,hybrid_dual_fw_244,AATGATACGGCGACCACCGAGATCTACACGTGTGATCACACTCTTTCCCTACACGACTCGCCAAGCTGA
E05,hybrid_dual_fw_245,AATGATACGGCGACCACCGAGATCTACACCTGTTCACACACTCTTTCCCTACACGACTCGCCAAGCTGA
E06,hybrid_dual_fw_246,AATGATACGGCGACCACCGAGATCTACACGGTCAGTTACACTCTTTCCCTACACGACTCGCCAAGCTGA
E07,hybrid_dual_fw_247,AATGATACGGCGACCACCGAGATCTACACAACCGATCACACTCTTTCCCTACACGACTCGCCAAGCTGA
E08,hybrid_dual_fw_248,AATGATACGGCGACCACCGAGATCTACACCAGCTAAGACACTCTTTCCCTACACGACTCGCCAAGCTGA
E09,hybrid_dual_fw_249,AATGATACGGCGACCACCGAGATCTACACGATCCATTACACTCTTTCCCTACACGACTCGCCAAGCTGA
E10,hybrid_dual_fw_250,AATGATACGGCGACCACCGAGATCTACACCACGATACACACTCTTTCCCTACACGACTCGCCAAGCTGA
E11,hybrid_dual_fw_251,AATGATACGGCGACCACCGAGATCTACACACATGCGAACACTCTTTCCCTACACGACTCGCCAAGCTGA
E12,hybrid_dual_fw_252,AATGATACGGCGACCACCGAGATCTACACGCTTATGTACACTCTTTCCCTACACGACTCGCCAAGCTGA
F01,hybrid_dual_fw_253,AATGATACGGCGACCACCGAGATCTACACTGACAGGAACACTCTTTCCCTACACGACTCGCCAAGCTGA
F02,hybrid_dual_fw_254,AATGATACGGCGACCACCGAGATCTACACAAGATACGACACTCTTTCCCTACACGACTCGCCAAGCTGA
F03,hybrid_dual_fw_255,AATGATACGGCGACCACCGAGATCTACACGATGGACTACACTCTTTCCCTACACGACTCGCCAAGCTGA
F04,hybrid_dual_fw_256,AATGATACGGCGACCACCGAGATCTACACGAAGTTCGACACTCTTTCCCTACACGACTCGCCAAGCTGA
F05,hybrid_dual_fw_257,AATGATACGGCGACCACCGAGATCTACACCGATCAACACACTCTTTCCCTACACGACTCGCCAAGCTGA
F06,hybrid_dual_fw_258,AATGATACGGCGACCACCGAGATCTACACGCCTACAAACACTCTTTCCCTACACGACTCGCCAAGCTGA
F07,hybrid_dual_fw_259,AATGATACGGCGACCACCGAGATCTACACATTAGATCACACTCTTTCCCTACACGACTCGCCAAGCTGA
F08,hybrid_dual_fw_260,AATGATACGGCGACCACCGAGATCTACACACTTGTAGACACTCTTTCCCTACACGACTCGCCAAGCTGA
F09,hybrid_dual_fw_261,AATGATACGGCGACCACCGAGATCTACACTACATGATACACTCTTTCCCTACACGACTCGCCAAGCTGA
F10,hybrid_dual_fw_262,AATGATACGGCGACCACCGAGATCTACACCTAGAATCACACTCTTTCCCTACACGACTCGCCAAGCTGA
F11,hybrid_dual_fw_263,AATGATACGGCGACCACCGAGATCTACACATGGTTCGACACTCTTTCCCTACACGACTCGCCAAGCTGA
F12,hybrid_dual_fw_264,AATGATACGGCGACCACCGAGATCTACACGGCATCTAACACTCTTTCCCTACACGACTCGCCAAGCTGA
G01,hybrid_dual_fw_265,AATGATACGGCGACCACCGAGATCTACACCATTACGGACACTCTTTCCCTACACGACTCGCCAAGCTGA
G02,hybrid_dual_fw_266,AATGATACGGCGACCACCGAGATCTACACGTTACGTTACACTCTTTCCCTACACGACTCGCCAAGCTGA
G03,hybrid_dual_fw_267,AATGATACGGCGACCACCGAGATCTACACGGATTCCTACACTCTTTCCCTACACGACTCGCCAAGCTGA
G04,hybrid_dual_fw_268,AATGATACGGCGACCACCGAGATCTACACTCGATTCAACACTCTTTCCCTACACGACTCGCCAAGCTGA
G05,hybrid_dual_fw_269,AATGATACGGCGACCACCGAGATCTACACTTGCACACACACTCTTTCCCTACACGACTCGCCAAGCTGA
G06,hybrid_dual_fw_270,AATGATACGGCGACCACCGAGATCTACACATACGTAAACACTCTTTCCCTACACGACTCGCCAAGCTGA
G07,hybrid_dual_fw_271,AATGATACGGCGACCACCGAGATCTACACACGAAGATACACTCTTTCCCTACACGACTCGCCAAGCTGA
G08,hybrid_dual_fw_272,AATGATACGGCGACCACCGAGATCTACACGCGTCATAACACTCTTTCCCTACACGACTCGCCAAGCTGA
G09,hybrid_dual_fw_273,AATGATACGGCGACCACCGAGATCTACACGTTCGGAAACACTCTTTCCCTACACGACTCGCCAAGCTGA
G10,hybrid_dual_fw_274,AATGATACGGCGACCACCGAGATCTACACATTGTGCCACACTCTTTCCCTACACGACTCGCCAAGCTGA
G11,hybrid_dual_fw_275,AATGATACGGCGACCACCGAGATCTACACTGGATCAAACACTCTTTCCCTACACGACTCGCCAAGCTGA
G12,hybrid_dual_fw_276,AATGATACGGCGACCACCGAGATCTACACTACAACTGACACTCTTTCCCTACACGACTCGCCAAGCTGA
H01,hybrid_dual_fw_277,AATGATACGGCGACCACCGAGATCTACACGAAGACGTACACTCTTTCCCTACACGACTCGCCAAGCTGA
H02,hybrid_dual_fw_278,AATGATACGGCGACCACCGAGATCTACACCGACGATAACACTCTTTCCCTACACGACTCGCCAAGCTGA
H03,hybrid_dual_fw_279,AATGATACGGCGACCACCGAGATCTACACATCTTCCGACACTCTTTCCCTACACGACTCGCCAAGCTGA
H04,hybrid_dual_fw_280,AATGATACGGCGACCACCGAGATCTACACTACTGGAGACACTCTTTCCCTACACGACTCGCCAAGCTGA
H05,hybrid_dual_fw_281,AATGATACGGCGACCACCGAGATCTACACTGAATTCCACACTCTTTCCCTACACGACTCGCCAAGCTGA
H06,hybrid_dual_fw_282,AATGATACGGCGACCACCGAGATCTACACATCGCTTGACACTCTTTCCCTACACGACTCGCCAAGCTGA
H07,hybrid_dual_fw_283,AATGATACGGCGACCACCGAGATCTACACGCAATTGGACACTCTTTCCCTACACGACTCGCCAAGCTGA
H08,hybrid_dual_fw_284,AATGATACGGCGACCACCGAGATCTACACATCTGCGTACACTCTTTCCCTACACGACTCGCCAAGCTGA
H09,hybrid_dual_fw_285,AATGATACGGCGACCACCGAGATCTACACAAGCTTGGACACTCTTTCCCTACACGACTCGCCAAGCTGA
H10,hybrid_dual_fw_286,AATGATACGGCGACCACCGAGATCTACACGAGAATCCACACTCTTTCCCTACACGACTCGCCAAGCTGA
H11,hybrid_dual_fw_287,AATGATACGGCGACCACCGAGATCTACACTACAGAACACACTCTTTCCCTACACGACTCGCCAAGCTGA
H12,hybrid_dual_fw_288,AATGATACGGCGACCACCGAGATCTACACTCGAGATAACACTCTTTCCCTACACGACTCGCCAAGCTGA